{
  "test_accuracy": 0.9380913204442616,
  "test_f1": 0.841994750656168,
  "test_precision": 0.9524940617577197,
  "test_recall": 0.7544684854186265,
  "test_roc_auc": 0.9487338476209389,
  "test_pr_auc": 0.9093350310103758,
  "test_mcc": 0.8125868055925967,
  "test_specificity": 0.9894709133982627,
  "confusion_matrix": {
    "tn": 3759,
    "fp": 40,
    "fn": 261,
    "tp": 802
  }
}